Workbook

Sheet Lipid 
A1: Emcure
A3: R & D Ahmedabad
A4: Analytical Development
A5: Lipid Assay Calculation Sheet
A7: Generic Name | C7: Bupivacaine liposome injectable suspension (13.3 mg/ml)
A8: Product Name | C8: Bupivacaine liposome injectable suspension (13.3 mg/ml)
A9: Test | C9: Lipid Content
A10: Analysis as per | C10: AD/ATP/648/02
A11: Analysed By | C11: Mayur Kansara
A12: Instrument Id. | C12: AD/HPLC/006
A13: Date of Analysis | C13: 45621
A15: Standard Details
A17: Compound Name | B17: Weight in mg | C17: Vol | D17: Pip | E17: Vol | F17: Pip | G17: Vol | H17: Potency | I17: M.W of Base | J17: M.W. of Salt | K17: Conc. (ppm)
A18: Tricaprylin | B18: 99.1 | C18: 50 | D18: 6 | E18: 100 | F18: 1 | G18: 1 | H18: 100 | I18: 1 | J18: 1 | K18: =IFERROR((B18/C18*D18/E18*F18/G18*H18/100*I18/J18*1000), "") -> 118.92
A19: DPPG Na | B19: 46.79 | C19: 50 | D19: 6 | E19: 100 | F19: 1 | G19: 1 | H19: 99.3 | I19: 721.9602 | J19: 744.95 | K19: =IFERROR((B19/C19*D19/E19*F19/G19*H19/100*I19/J19*1000), "") -> 54.034318
A20: Cholesterol | B20: 28.51 | C20: 100 | D20: 1 | E20: 1 | F20: 1 | G20: 1 | H20: 100 | I20: 1 | J20: 1 | K20: =IFERROR((B20/C20*D20/E20*F20/G20*H20/100*I20/J20*1000), "") -> 285.1
A21: DEPC | B21: 49.32 | C21: 100 | D21: 1 | E21: 1 | F21: 1 | G21: 1 | H21: 99.2 | I21: 1 | J21: 1 | K21: =IFERROR((B21/C21*D21/E21*F21/G21*H21/100*I21/J21*1000), "") -> 489.2544
A23: Standard Details | B23: =A18 -> Tricaprylin | C23: DPPG | D23: =A20 -> Cholesterol | E23: =A21 -> DEPC | G23: BKT Std | H23: =A18 -> Tricaprylin | I23: =C23 -> DPPG | J23: =A20 -> Cholesterol | K23: =A21 -> DEPC
A24: Injection No. | B24: Area | C24: Area | D24: Area | E24: Area | G24: Injection No. | H24: Area | I24: Area | J24: Area | K24: Area
A25: 1 | B25: 8711513 | C25: 4437526 | D25: 32277247 | E25: 44369260 | G25: 1 | H25: 8713270 | I25: 4473297 | J25: 32509936 | K25: 43884434
A26: 2 | B26: 8674291 | C26: 4473096 | D26: 32439471 | E26: 44366857 | G26: 2 | H26: 8686255 | I26: 4509972 | J26: 32485699 | K26: 43979519
A27: 3 | B27: 8679908 | C27: 4461331 | D27: 32393636 | E27: 44211085 | G27: 3 | H27: 8719164 | I27: 4448498 | J27: 32455877 | K27: 43323151
A28: 4 | B28: 8671826 | C28: 4528571 | D28: 32357224 | E28: 43613144 | G28: 4 | H28: 8729929 | I28: 4472750 | J28: 32460029 | K28: 44269558
A29: 5 | B29: 8715229 | C29: 4403707 | D29: 32429381 | E29: 43626749 | G29: 5
A30: 6 | B30: 8695954 | C30: 4463992 | D30: 32523530 | E30: 43893218 | G30: 6
A31: Mean | B31: =IFERROR((AVERAGE(B25:B30)), "") -> 8691453.5 | C31: =IFERROR((AVERAGE(C25:C30)), "") -> 4461370.5 | D31: =IFERROR((AVERAGE(D25:D30)), "") -> 32403415 | E31: =IFERROR((AVERAGE(E25:E30)), "") -> 44013386 | G31: Mean | H31: =IFERROR((AVERAGE(H25:H30,B25:B30)), "") -> 8699733.9 | I31: =IFERROR((AVERAGE(I25:I30,C25:C30)), "") -> 4467274 | J31: =IFERROR((AVERAGE(J25:J30,D25:D30)), "") -> 32433203 | K31: =IFERROR((AVERAGE(K25:K30,E25:E30)), "") -> 43953698
A32: SD | B32: =IFERROR((STDEV(B25:B30)),"") -> 18978.942 | C32: =IFERROR((STDEV(C25:C30)),"") -> 41361.595 | D32: =IFERROR((STDEV(D25:D30)),"") -> 83125.788 | E32: =IFERROR((STDEV(E25:E30)),"") -> 350655.14 | G32: SD | H32: =IFERROR((STDEV(B25:B30,H25:H30)), "") -> 20727.252 | I32: =IFERROR((STDEV(C25:C30,I25:I30)), "") -> 34968.138 | J32: =IFERROR((STDEV(D25:D30,J25:J30)), "") -> 74349.789 | K32: =IFERROR((STDEV(E25:E30,K25:K30)), "") -> 355745.23
A33: % RSD | B33: =IFERROR((B32*100/B31),"") -> 0.21836327 | C33: =IFERROR((C32*100/C31),"") -> 0.92710514 | D33: =IFERROR((D32*100/D31),"") -> 0.25653404 | E33: =IFERROR((E32*100/E31),"") -> 0.79670112 | G33: % RSD | H33: =IFERROR((H32*100/H31), "") -> 0.23825157 | I33: =IFERROR((I32*100/I31), "") -> 0.78276233 | J33: =IFERROR((J32*100/J31), "") -> 0.22923974 | K33: =IFERROR((K32*100/K31), "") -> 0.80936359
A36: Sample Details
A38: Batch No. | B38: Storage Condition | C38: Packing Detail | D38: TRF No. | E38: AR No. | F38: Compound Name | G38: LC | H38: Avg Weight | I38: Sample Weight | J38: Vol | K38: Pip | L38: Vol | M38: Area | N38: % Assay | O38: % Mean
A39: EP20_117-299-B | B39: 2-8°C_3M | C39: Glass Vial | D39: TRF_068-24-089 | E39: AD/008/24/0701 | F39: =A18 -> Tricaprylin | G39: 2 | H39: 1.005 | I39: 1.5008 | J39: 25 | K39: 1 | L39: 1 | M39: 8729574 | N39: =IFERROR((M39/$B$31*B$18/$C$18*$D$18/$E$18*$F$18/$G$18*J39/I39*L39/K39*$H$18/G39*$I$18/$J$18*H39), "") -> 99.979001
F40: =C23 -> DPPG | G40: 0.9 | M40: 3826195 | N40: =IFERROR((M40/$C$31*$B$19/$C$19*$D$19/$E$19*$F$19/$G$19*J39/I39*L39/K39*$H$19/G40*$I$19/$J$19*H39), "") -> 86.200388
F41: =A20 -> Cholesterol | G41: 4.7 | M41: 32474189 | N41: =IFERROR((M41/$D$31*$B$20/$C$20*$D$20/$E$20*$F$20/$G$20*J39/I39*L39/K39*$H$20/G41*$I$20/$J$20*H39), "") -> 101.77243
F42: =A21 -> DEPC | G42: 8.2 | M42: 44235393 | N42: =IFERROR((M42/$E$31*$B$21/$C$21*$D$21/$E$21*$F$21/$G$21*J39/I39*L39/K39*$H$21/G42*$I$21/$J$21*H39), "") -> 100.38972
F43: Tricaprylin | G43: =G39 -> 2 | H43: =H39 -> 1.005 | J43: =J39 -> 25 | K43: =K39 -> 1 | L43: =L39 -> 1 | N43: =IFERROR((M43/$B$31*B$18/$C$18*$D$18/$E$18*$F$18/$G$18*J43/I43*L43/K43*$H$18/G43*$I$18/$J$18*H43), "") | O43: =IFERROR((AVERAGE(N39,N43)), "") -> 99.979001
F44: DPPG | G44: =G40 -> 0.9 | N44: =IFERROR((M44/$C$31*$B$19/$C$19*$D$19/$E$19*$F$19/$G$19*J43/I43*L43/K43*$H$19/G44*$I$19/$J$19*H43), "") | O44: =IFERROR((AVERAGE(N40,N44)), "") -> 86.200388
F45: Cholesterol | G45: =G41 -> 4.7 | N45: =IFERROR((M45/$D$31*$B$20/$C$20*$D$20/$E$20*$F$20/$G$20*J43/I43*L43/K43*$H$20/G45*$I$20/$J$20*H43), "") | O45: =IFERROR((AVERAGE(N41,N45)), "") -> 101.77243
F46: DEPC | G46: =G42 -> 8.2 | N46: =IFERROR((M46/$E$31*$B$21/$C$21*$D$21/$E$21*$F$21/$G$21*J43/I43*L43/K43*$H$21/G46*$I$21/$J$21*H43), "") | O46: =IFERROR((AVERAGE(N42,N46)), "") -> 100.38972
A48: EP20_117-299-C | B48: 2-8°C_3M | C48: Glass Vial | D48: TRF_068-24-091 | E48: AD/008/24/0702 | F48: Tricaprylin | G48: 2 | H48: 1.005 | I48: 1.5051 | J48: 25 | K48: 1 | L48: 1 | M48: 8576367 | N48: =IFERROR((M48/$B$31*B$18/$C$18*$D$18/$E$18*$F$18/$G$18*J48/I48*L48/K48*$H$18/G48*$I$18/$J$18*H48), "") -> 97.943713
F49: DPPG | G49: 0.9 | M49: 4183290 | N49: =IFERROR((M49/$C$31*$B$19/$C$19*$D$19/$E$19*$F$19/$G$19*J48/I48*L48/K48*$H$19/G49*$I$19/$J$19*H48), "") -> 93.97613
F50: Cholesterol | G50: 4.7 | M50: 32445874 | N50: =IFERROR((M50/$D$31*$B$20/$C$20*$D$20/$E$20*$F$20/$G$20*J48/I48*L48/K48*$H$20/G50*$I$20/$J$20*H48), "") -> 101.39319
F51: DEPC | G51: 8.2 | M51: 44011931 | N51: =IFERROR((M51/$E$31*$B$21/$C$21*$D$21/$E$21*$F$21/$G$21*J48/I48*L48/K48*$H$21/G51*$I$21/$J$21*H48), "") -> 99.597228
F52: Tricaprylin | G52: =G48 -> 2 | H52: =H48 -> 1.005 | J52: =J48 -> 25 | K52: =K48 -> 1 | L52: =L48 -> 1 | N52: =IFERROR((M52/$B$31*B$18/$C$18*$D$18/$E$18*$F$18/$G$18*J52/I52*L52/K52*$H$18/G52*$I$18/$J$18*H52), "") | O52: =IFERROR((AVERAGE(N48,N52)), "") -> 97.943713
F53: DPPG | G53: =G49 -> 0.9 | N53: =IFERROR((M53/$C$31*$B$19/$C$19*$D$19/$E$19*$F$19/$G$19*J52/I52*L52/K52*$H$19/G53*$I$19/$J$19*H52), "") | O53: =IFERROR((AVERAGE(N49,N53)), "") -> 93.97613
F54: Cholesterol | G54: =G50 -> 4.7 | N54: =IFERROR((M54/$D$31*$B$20/$C$20*$D$20/$E$20*$F$20/$G$20*J52/I52*L52/K52*$H$20/G54*$I$20/$J$20*H52), "") | O54: =IFERROR((AVERAGE(N50,N54)), "") -> 101.39319
F55: DEPC | G55: =G51 -> 8.2 | N55: =IFERROR((M55/$E$31*$B$21/$C$21*$D$21/$E$21*$F$21/$G$21*J52/I52*L52/K52*$H$21/G55*$I$21/$J$21*H52), "") | O55: =IFERROR((AVERAGE(N51,N55)), "") -> 99.597228
A57: EP20_117-299-A | B57: 2-8°C_3M | C57: Glass Vial | D57: TRF_068-24-088 | E57: AD/008/24/0700 | F57: Tricaprylin | G57: 2 | H57: 1.005 | I57: 1.5104 | J57: 25 | K57: 1 | L57: 1 | M57: 8806534 | N57: =IFERROR((M57/$B$31*B$18/$C$18*$D$18/$E$18*$F$18/$G$18*J57/I57*L57/K57*$H$18/G57*$I$18/$J$18*H57), "") -> 100.21936
F58: DPPG | G58: 0.9 | M58: 3755690 | N58: =IFERROR((M58/$C$31*$B$19/$C$19*$D$19/$E$19*$F$19/$G$19*J57/I57*L57/K57*$H$19/G58*$I$19/$J$19*H57), "") -> 84.074192
F59: Cholesterol | G59: 4.7 | M59: 32693267 | N59: =IFERROR((M59/$D$31*$B$20/$C$20*$D$20/$E$20*$F$20/$G$20*J57/I57*L57/K57*$H$20/G59*$I$20/$J$20*H57), "") -> 101.80779
F60: DEPC | G60: 8.2 | M60: 43675013 | N60: =IFERROR((M60/$E$31*$B$21/$C$21*$D$21/$E$21*$F$21/$G$21*J57/I57*L57/K57*$H$21/G60*$I$21/$J$21*H57), "") -> 98.487984
F61: Tricaprylin | G61: =G57 -> 2 | H61: =H57 -> 1.005 | J61: =J57 -> 25 | K61: =K57 -> 1 | L61: =L57 -> 1 | N61: =IFERROR((M61/$B$31*B$18/$C$18*$D$18/$E$18*$F$18/$G$18*J61/I61*L61/K61*$H$18/G61*$I$18/$J$18*H61), "") | O61: =IFERROR((AVERAGE(N57,N61)), "") -> 100.21936
F62: DPPG | G62: =G58 -> 0.9 | N62: =IFERROR((M62/$C$31*$B$19/$C$19*$D$19/$E$19*$F$19/$G$19*J61/I61*L61/K61*$H$19/G62*$I$19/$J$19*H61), "") | O62: =IFERROR((AVERAGE(N58,N62)), "") -> 84.074192
F63: Cholesterol | G63: =G59 -> 4.7 | N63: =IFERROR((M63/$D$31*$B$20/$C$20*$D$20/$E$20*$F$20/$G$20*J61/I61*L61/K61*$H$20/G63*$I$20/$J$20*H61), "") | O63: =IFERROR((AVERAGE(N59,N63)), "") -> 101.80779
F64: DEPC | G64: =G60 -> 8.2 | N64: =IFERROR((M64/$E$31*$B$21/$C$21*$D$21/$E$21*$F$21/$G$21*J61/I61*L61/K61*$H$21/G64*$I$21/$J$21*H61), "") | O64: =IFERROR((AVERAGE(N60,N64)), "") -> 98.487984
F66: Tricaprylin | N66: =IFERROR((M66/$B$31*B$18/$C$18*$D$18/$E$18*$F$18/$G$18*J66/I66*L66/K66*$H$18/G66*$I$18/$J$18*H66), "")
F67: DPPG | N67: =IFERROR((M67/$C$31*$B$19/$C$19*$D$19/$E$19*$F$19/$G$19*J66/I66*L66/K66*$H$19/G67*$I$19/$J$19*H66), "")
F68: Cholesterol | N68: =IFERROR((M68/$D$31*$B$20/$C$20*$D$20/$E$20*$F$20/$G$20*J66/I66*L66/K66*$H$20/G68*$I$20/$J$20*H66), "")
F69: DEPC | N69: =IFERROR((M69/$E$31*$B$21/$C$21*$D$21/$E$21*$F$21/$G$21*J66/I66*L66/K66*$H$21/G69*$I$21/$J$21*H66), "")
F70: Tricaprylin | G70: =G66 -> 0 | H70: =H66 -> 0 | J70: =J66 -> 0 | K70: =K66 -> 0 | L70: =L66 -> 0 | N70: =IFERROR((M70/$B$31*B$18/$C$18*$D$18/$E$18*$F$18/$G$18*J70/I70*L70/K70*$H$18/G70*$I$18/$J$18*H70), "") | O70: =IFERROR((AVERAGE(N66,N70)), "")
F71: DPPG | G71: =G67 -> 0 | N71: =IFERROR((M71/$C$31*$B$19/$C$19*$D$19/$E$19*$F$19/$G$19*J70/I70*L70/K70*$H$19/G71*$I$19/$J$19*H70), "") | O71: =IFERROR((AVERAGE(N67,N71)), "")
F72: Cholesterol | G72: =G68 -> 0 | N72: =IFERROR((M72/$D$31*$B$20/$C$20*$D$20/$E$20*$F$20/$G$20*J70/I70*L70/K70*$H$20/G72*$I$20/$J$20*H70), "") | O72: =IFERROR((AVERAGE(N68,N72)), "")
F73: DEPC | G73: =G69 -> 0 | N73: =IFERROR((M73/$E$31*$B$21/$C$21*$D$21/$E$21*$F$21/$G$21*J70/I70*L70/K70*$H$21/G73*$I$21/$J$21*H70), "") | O73: =IFERROR((AVERAGE(N69,N73)), "")
F75: Tricaprylin | N75: =IFERROR((M75/$B$31*B$18/$C$18*$D$18/$E$18*$F$18/$G$18*J75/I75*L75/K75*$H$18/G75*$I$18/$J$18*H75), "")
F76: DPPG | N76: =IFERROR((M76/$C$31*$B$19/$C$19*$D$19/$E$19*$F$19/$G$19*J75/I75*L75/K75*$H$19/G76*$I$19/$J$19*H75), "")
F77: Cholesterol | N77: =IFERROR((M77/$D$31*$B$20/$C$20*$D$20/$E$20*$F$20/$G$20*J75/I75*L75/K75*$H$20/G77*$I$20/$J$20*H75), "")
F78: DEPC | N78: =IFERROR((M78/$E$31*$B$21/$C$21*$D$21/$E$21*$F$21/$G$21*J75/I75*L75/K75*$H$21/G78*$I$21/$J$21*H75), "")
F79: Tricaprylin | G79: =G75 -> 0 | H79: =H75 -> 0 | J79: =J75 -> 0 | K79: =K75 -> 0 | L79: =L75 -> 0 | N79: =IFERROR((M79/$B$31*B$18/$C$18*$D$18/$E$18*$F$18/$G$18*J79/I79*L79/K79*$H$18/G79*$I$18/$J$18*H79), "") | O79: =IFERROR((AVERAGE(N75,N79)), "")
F80: DPPG | G80: =G76 -> 0 | N80: =IFERROR((M80/$C$31*$B$19/$C$19*$D$19/$E$19*$F$19/$G$19*J79/I79*L79/K79*$H$19/G80*$I$19/$J$19*H79), "") | O80: =IFERROR((AVERAGE(N76,N80)), "")
F81: Cholesterol | G81: =G77 -> 0 | N81: =IFERROR((M81/$D$31*$B$20/$C$20*$D$20/$E$20*$F$20/$G$20*J79/I79*L79/K79*$H$20/G81*$I$20/$J$20*H79), "") | O81: =IFERROR((AVERAGE(N77,N81)), "")
F82: DEPC | G82: =G78 -> 0 | N82: =IFERROR((M82/$E$31*$B$21/$C$21*$D$21/$E$21*$F$21/$G$21*J79/I79*L79/K79*$H$21/G82*$I$21/$J$21*H79), "") | O82: =IFERROR((AVERAGE(N78,N82)), "")
F84: Tricaprylin | N84: =IFERROR((M84/$B$31*B$18/$C$18*$D$18/$E$18*$F$18/$G$18*J84/I84*L84/K84*$H$18/G84*$I$18/$J$18*H84), "")
F85: DPPG | N85: =IFERROR((M85/$C$31*$B$19/$C$19*$D$19/$E$19*$F$19/$G$19*J84/I84*L84/K84*$H$19/G85*$I$19/$J$19*H84), "")
F86: Cholesterol | N86: =IFERROR((M86/$D$31*$B$20/$C$20*$D$20/$E$20*$F$20/$G$20*J84/I84*L84/K84*$H$20/G86*$I$20/$J$20*H84), "")
F87: DEPC | N87: =IFERROR((M87/$E$31*$B$21/$C$21*$D$21/$E$21*$F$21/$G$21*J84/I84*L84/K84*$H$21/G87*$I$21/$J$21*H84), "")
F88: Tricaprylin | G88: =G84 -> 0 | H88: =H84 -> 0 | J88: =J84 -> 0 | K88: =K84 -> 0 | L88: =L84 -> 0 | N88: =IFERROR((M88/$B$31*B$18/$C$18*$D$18/$E$18*$F$18/$G$18*J88/I88*L88/K88*$H$18/G88*$I$18/$J$18*H88), "") | O88: =IFERROR((AVERAGE(N84,N88)), "")
F89: DPPG | G89: =G85 -> 0 | N89: =IFERROR((M89/$C$31*$B$19/$C$19*$D$19/$E$19*$F$19/$G$19*J88/I88*L88/K88*$H$19/G89*$I$19/$J$19*H88), "") | O89: =IFERROR((AVERAGE(N85,N89)), "")
F90: Cholesterol | G90: =G86 -> 0 | N90: =IFERROR((M90/$D$31*$B$20/$C$20*$D$20/$E$20*$F$20/$G$20*J88/I88*L88/K88*$H$20/G90*$I$20/$J$20*H88), "") | O90: =IFERROR((AVERAGE(N86,N90)), "")
F91: DEPC | G91: =G87 -> 0 | N91: =IFERROR((M91/$E$31*$B$21/$C$21*$D$21/$E$21*$F$21/$G$21*J88/I88*L88/K88*$H$21/G91*$I$21/$J$21*H88), "") | O91: =IFERROR((AVERAGE(N87,N91)), "")
F93: Tricaprylin | N93: =IFERROR((M93/$B$31*B$18/$C$18*$D$18/$E$18*$F$18/$G$18*J93/I93*L93/K93*$H$18/G93*$I$18/$J$18*H93), "")
F94: DPPG | N94: =IFERROR((M94/$C$31*$B$19/$C$19*$D$19/$E$19*$F$19/$G$19*J93/I93*L93/K93*$H$19/G94*$I$19/$J$19*H93), "")
F95: Cholesterol | N95: =IFERROR((M95/$D$31*$B$20/$C$20*$D$20/$E$20*$F$20/$G$20*J93/I93*L93/K93*$H$20/G95*$I$20/$J$20*H93), "")
F96: DEPC | N96: =IFERROR((M96/$E$31*$B$21/$C$21*$D$21/$E$21*$F$21/$G$21*J93/I93*L93/K93*$H$21/G96*$I$21/$J$21*H93), "")
F97: Tricaprylin | G97: =G93 -> 0 | H97: =H93 -> 0 | J97: =J93 -> 0 | K97: =K93 -> 0 | L97: =L93 -> 0 | N97: =IFERROR((M97/$B$31*B$18/$C$18*$D$18/$E$18*$F$18/$G$18*J97/I97*L97/K97*$H$18/G97*$I$18/$J$18*H97), "") | O97: =IFERROR((AVERAGE(N93,N97)), "")
F98: DPPG | G98: =G94 -> 0 | N98: =IFERROR((M98/$C$31*$B$19/$C$19*$D$19/$E$19*$F$19/$G$19*J97/I97*L97/K97*$H$19/G98*$I$19/$J$19*H97), "") | O98: =IFERROR((AVERAGE(N94,N98)), "")
F99: Cholesterol | G99: =G95 -> 0 | N99: =IFERROR((M99/$D$31*$B$20/$C$20*$D$20/$E$20*$F$20/$G$20*J97/I97*L97/K97*$H$20/G99*$I$20/$J$20*H97), "") | O99: =IFERROR((AVERAGE(N95,N99)), "")
F100: DEPC | G100: =G96 -> 0 | N100: =IFERROR((M100/$E$31*$B$21/$C$21*$D$21/$E$21*$F$21/$G$21*J97/I97*L97/K97*$H$21/G100*$I$21/$J$21*H97), "") | O100: =IFERROR((AVERAGE(N96,N100)), "")
A102: Analyzed By | I102: Checked By

Sheet Drug to Lipid ratio Auto Calc
A1: Emcure
A3: R & D Ahmedabad
A4: Analytical Development
A5: Drug to Lipid Calculation Sheet
A7: Generic Name | C7: ='Lipid '!C7:K7 -> Bupivacaine liposome injectable suspension (13.3 mg/ml)
A8: Product Name | C8: ='Lipid '!C8:K8 -> Bupivacaine liposome injectable suspension (13.3 mg/ml)
A9: Test | C9: Drug to Lipid Ratio
A10: Analysis as per | C10: ='Lipid '!C10:K10 -> AD/ATP/648/02
A11: Analysed By | C11: ='Lipid '!C11:K11 -> Mayur Kansara
A12: Instrument Id. | C12: ='Lipid '!C12:K12 -> AD/HPLC/006
A13: Date of Analysis | C13: ='Lipid '!C13:K13 -> 45621
A15: Sample Details
A17: Batch No. | B17: Storage Condition | C17: Packing Detail | D17: TRF No. | E17: AR No. | F17: Compound Name | G17: L.C. (Lipid) | H17: % Mean (Lipid) | I17: mg/mL (Lipid) | J17: mg/mL (Sum of Lipid) | K17: % Assay of Bupivacaine | L17: L.C. of Bupivacaine | M17: mg/mL of Bupivacaine | N17: Drug/Lipid Ratio
A18: ='Lipid '!A39 -> EP20_117-299-B | B18: ='Lipid '!B39 -> 2-8°C_3M | C18: ='Lipid '!C39 -> Glass Vial | D18: ='Lipid '!D39 -> TRF_068-24-089 | E18: ='Lipid '!E39 -> AD/008/24/0701 | F18: Tricaprylin | G18: ='Lipid '!G39 -> 2 | H18: ='Lipid '!O43 -> 99.979001 | I18: =IFERROR((H18*G18/100), "") -> 1.99958 | J18: =IFERROR((SUM(I18:I21)), "") -> 15.790645 | K18: 99.9 | L18: 13.3 | M18: =IFERROR((K18*L18/100), "") -> 13.2867 | N18: =IFERROR((M18/J18), "") -> 0.84142859
F19: DPPG | G19: ='Lipid '!G40 -> 0.9 | H19: ='Lipid '!O44 -> 86.200388 | I19: =IFERROR((H19*G19/100), "") -> 0.77580349
F20: Cholesterol | G20: ='Lipid '!G41 -> 4.7 | H20: ='Lipid '!O45 -> 101.77243 | I20: =IFERROR((H20*G20/100), "") -> 4.7833042
F21: DEPC | G21: ='Lipid '!G42 -> 8.2 | H21: ='Lipid '!O46 -> 100.38972 | I21: =IFERROR((H21*G21/100), "") -> 8.2319572
A23: ='Lipid '!A48 -> EP20_117-299-C | B23: ='Lipid '!B48 -> 2-8°C_3M | C23: ='Lipid '!C48 -> Glass Vial | D23: ='Lipid '!D48 -> TRF_068-24-091 | E23: ='Lipid '!E48 -> AD/008/24/0702 | F23: Tricaprylin | G23: ='Lipid '!G48 -> 2 | H23: ='Lipid '!O52 -> 97.943713 | I23: =IFERROR((H23*G23/100), "") -> 1.9588743 | J23: =IFERROR((SUM(I23:I26)), "") -> 15.737112 | K23: 97.8 | L23: 13.3 | M23: =IFERROR((K23*L23/100), "") -> 13.0074 | N23: =IFERROR((M23/J23), "") -> 0.82654302
F24: DPPG | G24: ='Lipid '!G49 -> 0.9 | H24: ='Lipid '!O53 -> 93.97613 | I24: =IFERROR((H24*G24/100), "") -> 0.84578517
F25: Cholesterol | G25: ='Lipid '!G50 -> 4.7 | H25: ='Lipid '!O54 -> 101.39319 | I25: =IFERROR((H25*G25/100), "") -> 4.7654798
F26: DEPC | G26: ='Lipid '!G51 -> 8.2 | H26: ='Lipid '!O55 -> 99.597228 | I26: =IFERROR((H26*G26/100), "") -> 8.1669727
A28: ='Lipid '!A57 -> EP20_117-299-A | B28: ='Lipid '!B57 -> 2-8°C_3M | C28: ='Lipid '!C57 -> Glass Vial | D28: ='Lipid '!D57 -> TRF_068-24-088 | E28: ='Lipid '!E57 -> AD/008/24/0700 | F28: Tricaprylin | G28: ='Lipid '!G57 -> 2 | H28: ='Lipid '!O61 -> 100.21936 | I28: =IFERROR((H28*G28/100), "") -> 2.0043871 | J28: =IFERROR((SUM(I28:I31)), "") -> 15.622035 | K28: 100.3 | L28: 13.3 | M28: =IFERROR((K28*L28/100), "") -> 13.3399 | N28: =IFERROR((M28/J28), "") -> 0.85391561
F29: DPPG | G29: ='Lipid '!G58 -> 0.9 | H29: ='Lipid '!O62 -> 84.074192 | I29: =IFERROR((H29*G29/100), "") -> 0.75666773
F30: Cholesterol | G30: ='Lipid '!G59 -> 4.7 | H30: ='Lipid '!O63 -> 101.80779 | I30: =IFERROR((H30*G30/100), "") -> 4.7849659
F31: DEPC | G31: ='Lipid '!G60 -> 8.2 | H31: ='Lipid '!O64 -> 98.487984 | I31: =IFERROR((H31*G31/100), "") -> 8.0760147
A33: ='Lipid '!A66 -> 0 | B33: ='Lipid '!B66 -> 0 | C33: ='Lipid '!C66 -> 0 | D33: ='Lipid '!D66 -> 0 | E33: ='Lipid '!E66 -> 0 | F33: Tricaprylin | G33: ='Lipid '!G66 -> 0 | H33: ='Lipid '!O70 | I33: =IFERROR((H33*G33/100), "") | J33: =IFERROR((SUM(I33:I36)), "") -> 0 | L33: 13.3 | M33: =IFERROR((K33*L33/100), "") -> 0 | N33: =IFERROR((M33/J33), "")
F34: DPPG | G34: ='Lipid '!G67 -> 0 | H34: ='Lipid '!O71 | I34: =IFERROR((H34*G34/100), "")
F35: Cholesterol | G35: ='Lipid '!G68 -> 0 | H35: ='Lipid '!O72 | I35: =IFERROR((H35*G35/100), "")
F36: DEPC | G36: ='Lipid '!G69 -> 0 | H36: ='Lipid '!O73 | I36: =IFERROR((H36*G36/100), "")
A38: ='Lipid '!A75 -> 0 | B38: ='Lipid '!B75 -> 0 | C38: ='Lipid '!C75 -> 0 | D38: ='Lipid '!D75 -> 0 | E38: ='Lipid '!E75 -> 0 | F38: Tricaprylin | G38: ='Lipid '!G75 -> 0 | H38: ='Lipid '!O79 | I38: =IFERROR((H38*G38/100), "") | J38: =IFERROR((SUM(I38:I41)), "") -> 0 | L38: 13.3 | M38: =IFERROR((K38*L38/100), "") -> 0 | N38: =IFERROR((M38/J38), "")
F39: DPPG | G39: ='Lipid '!G76 -> 0 | H39: ='Lipid '!O80 | I39: =IFERROR((H39*G39/100), "")
F40: Cholesterol | G40: ='Lipid '!G77 -> 0 | H40: ='Lipid '!O81 | I40: =IFERROR((H40*G40/100), "")
F41: DEPC | G41: ='Lipid '!G78 -> 0 | H41: ='Lipid '!O82 | I41: =IFERROR((H41*G41/100), "")
A43: ='Lipid '!A84 -> 0 | B43: ='Lipid '!B84 -> 0 | C43: ='Lipid '!C84 -> 0 | D43: ='Lipid '!D84 -> 0 | E43: ='Lipid '!E84 -> 0 | F43: Tricaprylin | G43: ='Lipid '!G84 -> 0 | H43: ='Lipid '!O88 | I43: =IFERROR((H43*G43/100), "") | J43: =IFERROR((SUM(I43:I46)), "") -> 0 | L43: 13.3 | M43: =IFERROR((K43*L43/100), "") -> 0 | N43: =IFERROR((M43/J43), "")
F44: DPPG | G44: ='Lipid '!G85 -> 0 | H44: ='Lipid '!O89 | I44: =IFERROR((H44*G44/100), "")
F45: Cholesterol | G45: ='Lipid '!G86 -> 0 | H45: ='Lipid '!O90 | I45: =IFERROR((H45*G45/100), "")
F46: DEPC | G46: ='Lipid '!G87 -> 0 | H46: ='Lipid '!O91 | I46: =IFERROR((H46*G46/100), "")
A48: ='Lipid '!A93 -> 0 | B48: ='Lipid '!B93 -> 0 | C48: ='Lipid '!C93 -> 0 | D48: ='Lipid '!D93 -> 0 | E48: ='Lipid '!E93 -> 0 | F48: Tricaprylin | G48: ='Lipid '!G93 -> 0 | H48: ='Lipid '!O97 | I48: =IFERROR((H48*G48/100), "") | J48: =IFERROR((SUM(I48:I51)), "") -> 0 | L48: 13.3 | M48: =IFERROR((K48*L48/100), "") -> 0 | N48: =IFERROR((M48/J48), "")
F49: DPPG | G49: ='Lipid '!G94 -> 0 | H49: ='Lipid '!O98 | I49: =IFERROR((H49*G49/100), "")
F50: Cholesterol | G50: ='Lipid '!G95 -> 0 | H50: ='Lipid '!O99 | I50: =IFERROR((H50*G50/100), "")
F51: DEPC | G51: ='Lipid '!G96 -> 0 | H51: ='Lipid '!O100 | I51: =IFERROR((H51*G51/100), "")
A53: Analyzed By | K53: Checked By
